{
    "train": {
        "accuracy": 9.218104652301639,
        "loss": 0.16129368668597055
    },
    "step": 9
}
