step	accuracy
0	0.11262285801361549
1	1.4082074265186497
2	2.2504704825825765
3	3.1587621274724267
4	4.947320366544431
5	5.984311592673247
6	6.823697189707419
7	7.035320389750051
8	8.555669859034174
9	9.218104652301639
