step	loss
0	9.213738760698169
1	8.30867730852512
2	7.29439212421044
3	6.776228109834988
4	5.125154076351105
5	4.099362252325429
6	3.5435383993208083
7	2.706301495427581
8	1.321679504920505
9	0.16129368668597055
